title,name,job_salary,comp_name
家政保洁_安保,8000招照顾自理老人,8000-12000元/月,深圳爱心到家家政服务有限公司
家政保洁_安保,豪宅保安包吃包住6K+,6000-7000元/月,楒科集团有限公司深圳分公司
家政保洁_安保,诚聘保安包吃住可电联,4000-4500元/月,奥联物业股份有限公司
家政保洁_安保,高端家庭保姆8000起,8000-12000元/月,广州市肥大姐妹家政服务有限公司
家政保洁_安保,增城万达肯德基店晚班清洁,3000-5000元/月,长沙肯德基有限公司
家政保洁_安保,高薪招保姆8000元,6000-12000元/月,广州家家月嫂家政服务有限公司
家政保洁_安保,请保姆照顾自理老干部8千,6500-12000元/月,广州馨敏母婴护理服务有限公司
家政保洁_安保,广州厂区+五险一金+8千,5800-8300元/月,松下万宝美健生活电器（广州）有限公司
家政保洁_安保,可以长期发展28一小时,5800-8300元/月,广州松下空调器有限公司/松下·万宝（广州）压缩机有限公司工会委员会
家政保洁_安保,两口之家急招阿姨照顾孩子,8000-12000元/月,深圳爱心到家家政服务有限公司
家政保洁_安保,7K招正骨学徒轻松简单,7000-9000元/月,广州善手教育科技有限公司
家政保洁_安保,月子中心急招育婴师学徒,10000-19000元/月,广州善手教育科技有限公司
家政保洁_安保,高端月子会所产康中心急招,6000-12000元/月,广州千样好家庭服务有限公司
家政保洁_安保,培训月嫂育婴师工资上万,8000-14000元/月,广州千样好家庭服务有限公司
家政保洁_安保,月9千环境好直接上班,5800-8300元/月,广州松下空调器有限公司/松下·万宝（广州）压缩机有限公司工会委员会
家政保洁_安保,退伍军人做健身助理包吃住,6000-12000元/月,广州本象健身管理有限公司
家政保洁_安保,育婴催乳师急招,6800-9800元/月,广州市华阁会母婴护理服务有限公司
家政保洁_安保,7千招育婴师,7000-9000元/月,广州千样好家庭服务有限公司
家政保洁_安保,月子产康中心招聘可买社保,7000-12000元/月,广州千样好家庭服务有限公司
家政保洁_安保,月薪9千做保姆可无经验,8000-12000元/月,深圳新金领家政教育有限公司
家政保洁_安保,广州雇主请育婴师8千起,7500-11800元/月,广州市德力家政服务有限公司
家政保洁_安保,直聘手机贴标月薪纯7千,5800-8300元/月,松下万宝（广州）压缩机有限公司
家政保洁_安保,6K急招育婴师助理,6000-12000元/月,广州爱贝健康护理有限公司
家政保洁_安保,6K急招育婴师助理/双休,6000-8000元/月,广州爱贝健康护理有限公司
家政保洁_安保,月子中心招育婴师助理双休,6500-8500元/月,广州爱贝健康护理有限公司
家政保洁_安保,包吃包住育儿师|育婴师,6000-12000元/月,广州百家邦家政服务有限公司
家政保洁_安保,无需经验280/天可借支,5800-8300元/月,广州松下空调器有限公司/松下·万宝（广州）压缩机有限公司工会委员会
家政保洁_安保,广州5G坐班290元每天,5800-8300元/月,松下万宝美健生活电器（广州）有限公司
家政保洁_安保,厂白班包吃住7千,5800-8300元/月,广州松下空调器有限公司/松下·万宝（广州）压缩机有限公司工会委员会
家政保洁_安保,新开部门白班+280/天,5800-8300元/月,广州松下空调器有限公司/松下·万宝（广州）压缩机有限公司工会委员会
家政保洁_安保,8K招保姆姐姐52岁以下,7000-12000元/月,广州永佳家政有限公司
家政保洁_安保,急聘保姆做月子餐9千起,9000-11900元/月,广州市阿姨到家家政服务有限公司
家政保洁_安保,周结周结轻松200元天,5400-6200元/月,科迅人力资源服务（广州）有限公司
家政保洁_安保,月子中心急聘新手阿姨,12800-18880元/月,广州市傻大姐家政服务有限公司
家政保洁_安保,月嫂催乳师招生培训,12000-20000元/月,广州善手教育科技有限公司
家政保洁_安保,8千急招一对一照顾老人,7000-12000元/月,广州馨敏母婴护理服务有限公司
家政保洁_安保,收纳整理师,8600-11500元/月,广州华格汇家政信息咨询有限责任公司
家政保洁_安保,9千+急招照顾退休教授,8000-16000元/月,广州馨敏母婴护理服务有限公司
家政保洁_安保,急招家政培训讲师文员,8000-12000元/月,广州千样好家庭服务有限公司
家政保洁_安保,8K急招2名育婴师/助理,6000-8000元/月,广州爱贝健康护理有限公司
家政保洁_安保,星级月子中心招一对一月嫂,8000-16000元/月,深圳爱心到家家政有限公司
家政保洁_安保,正式工+临时工,5800-8300元/月,松下万宝美健生活电器（广州）有限公司
家政保洁_安保,诚招育婴师/保育员,8000-10000元/月,广州善手教育科技有限公司
家政保洁_安保,8千招阿姨打理小俩口家庭,8000-16000元/月,深圳爱心到家家政有限公司
家政保洁_安保,7000起急招住家保姆,6000-7000元/月,广州千样好家庭服务有限公司
家政保洁_安保,5G产品直接上班7千月,5800-8300元/月,广州松下空调器有限公司/松下·万宝（广州）压缩机有限公司工会委员会
家政保洁_安保,保姆月入过万包吃住,7000-10000元/月,广州馨敏母婴护理服务有限公司
家政保洁_安保,广州高薪急招保姆保洁阿姨,8000-16000元/月,五八到家有限公司
家政保洁_安保,1万起急招短期保姆,8000-12000元/月,广州安鑫家庭服务有限公司
家政保洁_安保,住别墅一年20万月嫂,8000-12000元/月,广州馨敏母婴护理服务有限公司
家政保洁_安保,月子中心招3名育婴师学徒,10000-16000元/月,广州爱贝健康护理有限公司
家政保洁_安保,新厂坐班产白班保底7千,5800-8300元/月,松下万宝美健生活电器（广州）有限公司
家政保洁_安保,急聘健康管理师助理4名,7000-10000元/月,广州源健教育咨询有限公司
家政保洁_安保,月嫂育婴催乳师急招,7800-12800元/月,广州市华阁会母婴护理服务有限公司
家政保洁_安保,白班聘产康催乳师,8000-10000元/月,广州家家月嫂家政服务有限公司
家政保洁_安保,1万工资招家庭育婴早教师,7000-12000元/月,广州千样好家庭服务有限公司
家政保洁_安保,6K急招育婴师助理,10000-18000元/月,广州爱贝健康护理有限公司
家政保洁_安保,急招住家带小孩保姆,6500-8500元/月,广州千样好家庭服务有限公司
家政保洁_安保,九千起急聘早教师、育婴师,7000-9000元/月,广州科越教育咨询有限公司
家政保洁_安保,8K康复师助理/固定双休,6500-8500元/月,广州爱贝健康护理有限公司
家政保洁_安保,9K急招育婴师学徒,9000-13000元/月,广州善手教育科技有限公司
家政保洁_安保,招收纳师工作自由时薪上百,9000-15000元/月,广州千样好家庭服务有限公司
家政保洁_安保,高薪聘月嫂购五险一金,7000-10000元/月,广州善手教育科技有限公司
家政保洁_安保,企业老总请保姆月薪过万,6800-11000元/月,广州馨敏母婴护理服务有限公司
家政保洁_安保,9千招阿姨照顾退休老教授,7000-12000元/月,深圳爱心到家家政服务有限公司
家政保洁_安保,长白班+旺季7千+奖3千,5800-8300元/月,广州松下空调器有限公司/松下·万宝（广州）压缩机有限公司工会委员会
家政保洁_安保,包吃包住+坐班+可借支,5800-8300元/月,松下万宝美健生活电器（广州）有限公司
家政保洁_安保,6千起急招保姆育婴师,6000-12000元/月,广州千样好家庭服务有限公司
家政保洁_安保,无经验年薪16万请保姆,8000-12000元/月,广州馨敏母婴护理服务有限公司
家政保洁_安保,急招每小时30做饭师,6000-7000元/月,厦门好慷家政服务有限公司
家政保洁_安保,看家保姆轻松8千起,8000-12000元/月,深圳爱心到家家政服务有限公司
家政保洁_安保,高薪招生熟手月嫂经验不限,8000-16000元/月,广州百家邦家政服务有限公司
家政保洁_安保,高薪招聘月嫂育婴师,8500-12000元/月,广州宜家家政服务有限公司
家政保洁_安保,单亲家庭招保姆8千,8000-10000元/月,广州市阿姨到家家政服务有限公司
家政保洁_安保,8000+急招住家保姆,8000-12000元/月,广州馨敏母婴护理服务有限公司
家政保洁_安保,9千工资轻松住家阿姨,8000-10000元/月,广州家家月嫂家政服务有限公司
家政保洁_安保,月子会所高薪直聘月嫂,9000-15800元/月,广州馨敏母婴护理服务有限公司
家政保洁_安保,广州28元白班可带手机,5800-8300元/月,松下万宝（广州）压缩机有限公司
家政保洁_安保,月子中心店招月嫂11K,11000-20000元/月,广州爱贝健康护理有限公司
家政保洁_安保,年前结清普工长白班21元,5130-6970元/月,广州松下空调器有限公司
家政保洁_安保,急招0经验育婴师包吃住,6500-9500元/月,广州华格汇家政信息咨询有限责任公司
家政保洁_安保,一万工资招月嫂育婴师,8000-16000元/月,广州千样好家庭服务有限公司
家政保洁_安保,进厂不如做月嫂过万,8000-12000元/月,广州馨敏母婴护理服务有限公司
家政保洁_安保,7000招3名育婴师学徒,7000-11000元/月,广州善手教育科技有限公司
家政保洁_安保,6K招育婴师助理五险一金,6000-9000元/月,广州善手教育科技有限公司
家政保洁_安保,1万起月中心招月嫂不会教,10000-20000元/月,深圳市傻大姐家政服务有限公司
家政保洁_安保,免费学收纳+就业+社保,6000-10000元/月,广州为想互联网科技有限公司
家政保洁_安保,急聘日新过千收纳整理师,10000-20000元/月,广州千样好家庭服务有限公司
家政保洁_安保,招月嫂月1万起+包吃住,8000-10000元/月,深圳市傻大姐家政服务有限公司
家政保洁_安保,月子中心育婴护士产康催乳,6000-12000元/月,广州华格汇家政信息咨询有限责任公司
家政保洁_安保,招月子店助理/固定双休,8000-12000元/月,广州爱贝健康护理有限公司
家政保洁_安保,月子中心直招催乳产康师,8000-12000元/月,广州科越教育咨询有限公司
家政保洁_安保,招各地做事保姆8千,8000-11000元/月,广州市阿姨到家家政服务有限公司
家政保洁_安保,广州本地厂区月6K买社保,5500-7800元/月,OPPO广东移动通信有限公司
家政保洁_安保,保安-九佛学校,5100-5600元/月,广州市东巨人力资源有限公司
家政保洁_安保,保安,5500-6000元/月,广州东臻坊贸易有限公司
家政保洁_安保,学校保安5400一月,5000-5400元/月,广州市东巨人力资源有限公司
家政保洁_安保,物业保安/5K/天河区,5000-6000元/月,广州晟汇物业管理有限公司
家政保洁_安保,高端月子中心产康接受新手,8000-9000元/月,广州千样好家庭服务有限公司
家政保洁_安保,保安,3600-4000元/月,广东泰和世纪保安服务有限公司
家政保洁_安保,生手做别墅管家月入一万,7500-9500元/月,广州家家月嫂家政服务有限公司
家政保洁_安保,高薪聘住家育婴早教家政师,8000-12000元/月,广州馨敏母婴护理服务有限公司
家政保洁_安保,招萝岗工地保安空调岗四千,4000-4500元/月,安徽晟圆保安服务有限公司广东分公司
家政保洁_安保,急招0基础家政育婴早教师,8000-12000元/月,广州馨敏母婴护理服务有限公司
家政保洁_安保,凤凰城送水工6K-8K,6000-8000元/月,广州达能饮用水有限公司
家政保洁_安保,黄埔急聘保安,4500-5000元/月,广东羊城保安服务有限公司
家政保洁_安保,日结200元天安保,5500-6000元/月,科迅人力资源服务（广州）有限公司
家政保洁_安保,增城新塘保洁主管,5000-6000元/月,广州珉生清洁服务有限公司
家政保洁_安保,9千招住家保姆,8500-10000元/月,广州家家月嫂家政服务有限公司
家政保洁_安保,做工厂不如做保姆挣高薪,6500-8000元/月,广州馨敏母婴护理服务有限公司
家政保洁_安保,清洁工男女不限4000,4000-6000元/月,广州科迅企业管理服务有限公司
家政保洁_安保,8千急招阿姨照顾自理老人,7000-12000元/月,广州家家月嫂家政服务有限公司
家政保洁_安保,直播助理经验不限+包住宿,4500-7000元/月,广州锦秀江南传媒有限公司
家政保洁_安保,急招保安高薪,4450-4950元/月,广州市汇昇物业管理有限公司
家政保洁_安保,双休包吃住8小时包吃住,3300-4000元/月,广州雷霆保安服务有限公司
家政保洁_安保,八千照顾自理老人,8000-12000元/月,广州和管家家庭服务有限公司
家政保洁_安保,物业保安/5K以上/花都,5000-6000元/月,广州晟汇物业管理有限公司
家政保洁_安保,招产后康复师助理2名双休,6000-8000元/月,广州爱贝健康护理有限公司
家政保洁_安保,带孩子阿姨一万起接受新手,7000-12000元/月,深圳爱心到家家政服务有限公司
家政保洁_安保,招聘品牌公寓保洁员,6000-11000元/月,广州市玖玖家庭服务有限责任公司
家政保洁_安保,急招生熟手保姆年薪12万,7000-12000元/月,广州馨敏母婴护理服务有限公司
家政保洁_安保,护工转中医7k包吃住双休,7000-9000元/月,广州华手教育科技有限公司
家政保洁_安保,保洁4500-5千包吃住,4000-5000元/月,广州市番禺区新轩港湾休闲店
家政保洁_安保,天鹅到家高薪招聘家庭保姆,8000-16000元/月,五八到家有限公司
家政保洁_安保,高端家庭,8000-12000元/月,广州馨敏母婴护理服务有限公司
家政保洁_安保,学校保安,3500-4000元/月,广州白云广雅实验学校
家政保洁_安保,急急急招保姆5千起包吃住,5000-10000元/月,五八到家有限公司
家政保洁_安保,学高端月嫂发展前景好,8000-16000元/月,北京我优信息科技有限公司
家政保洁_安保,保洁转中医理疗7k,7000-9000元/月,广州华手教育科技有限公司
家政保洁_安保,7K急招产后康复助理,5000-7000元/月,广州善手教育科技有限公司
家政保洁_安保,护工转中医7k包吃住,7000-9000元/月,广州华手教育科技有限公司
家政保洁_安保,高薪诚聘育婴家政师7千起,7000-11000元/月,广州家家月嫂家政服务有限公司
家政保洁_安保,保姆转中医7k包吃住双休,7000-9000元/月,广州华手教育科技有限公司
家政保洁_安保,招聘月嫂育婴师养老护理员,9000-12000元/月,广州家家月嫂家政服务有限公司
家政保洁_安保,保姆转瑜伽学徒+可培训,5000-8000元/月,广州特色商贸发展有限公司
家政保洁_安保,做月嫂工资高+医院就业,8000-16000元/月,北京我优信息科技有限公司
家政保洁_安保,公司保安3k8包吃住,3800-5000元/月,广州雷霆保安服务有限公司
家政保洁_安保,保洁师,8000-12000元/月,深圳市轻松到家科技股份有限公司
家政保洁_安保,单亲妈妈请保姆双休8千起,8000-12000元/月,深圳爱心到家家政服务有限公司
家政保洁_安保,急招保育员转8K瑜伽老师,5000-8000元/月,广州特色商贸发展有限公司
家政保洁_安保,站点直招爆单送餐员小哥,8500-13500元/月,仕旗实业（广州）有限公司
家政保洁_安保,8千招照顾离休老干部,6000-12000元/月,广州和管家家庭服务有限公司
家政保洁_安保,站点高新直招送餐员月8K,8500-13500元/月,广州穗云企业管理有限公司
家政保洁_安保,请照顾能自理的老年人阿姨,5000-10000元/月,广州优邦到家家政服务有限公司
家政保洁_安保,月子产康中心招催乳产康师,7000-12000元/月,广州千样好家庭服务有限公司
家政保洁_安保,常年招月嫂育婴师催乳过万,8000-12000元/月,广州家家月嫂家政服务有限公司
家政保洁_安保,想要挣钱快+广州做月嫂,8000-16000元/月,北京我优信息科技有限公司
家政保洁_安保,八千接送宝宝上下学,8000-12000元/月,广州和管家家庭服务有限公司
家政保洁_安保,保姆转中医7k包吃住双休,7000-9000元/月,广州华手教育科技有限公司
家政保洁_安保,广发证券大厦保安,5500-6000元/月,广州市天河区棠下味达餐饮店
家政保洁_安保,月入过万做家政,7000-12800元/月,广州家家月嫂家政服务有限公司
家政保洁_安保,站点直招配送员,8500-13500元/月,仕旗实业（广州）有限公司
家政保洁_安保,天鹅到家高薪诚聘保姆阿姨,7000-14000元/月,五八到家有限公司
家政保洁_安保,9千招因疫情失业啊姨,6000-12000元/月,广州和管家家庭服务有限公司
家政保洁_安保,月薪八千急招住家保姆,7000-14000元/月,广州馨敏母婴护理服务有限公司
家政保洁_安保,8千招疫情期间失业啊姨,6000-12000元/月,广州和管家家庭服务有限公司
家政保洁_安保,1万起招早教月嫂,10000-18000元/月,广东科越家政服务有限公司
家政保洁_安保,天鹅到家急招家庭钟点工,7000-12000元/月,五八到家有限公司
家政保洁_安保,九千高端小区急招阿姨,7000-14000元/月,广州馨敏母婴护理服务有限公司
家政保洁_安保,广州电子厂安保员月入五千,4500-5500元/月,广东京卫保安服务有限公司
家政保洁_安保,站点直聘送餐员提供车住,8500-13500元/月,广州穗云企业管理有限公司
家政保洁_安保,7千招生熟手保姆52岁下,7000-14000元/月,广州馨敏母婴护理服务有限公司
家政保洁_安保,阿姨学月嫂月薪8000起,8000-16000元/月,北京我优信息科技有限公司
家政保洁_安保,高薪月嫂保姆/可无经验,8000-15000元/月,广州善手教育科技有限公司
家政保洁_安保,六千招照顾退休自理老人,7000-14000元/月,广州和管家家庭服务有限公司
家政保洁_安保,生手做别墅管家月入一万,7500-10000元/月,广州家家月嫂家政服务有限公司
家政保洁_安保,学月嫂催乳年薪15万包住,8000-16000元/月,北京我优信息科技有限公司
家政保洁_安保,8千急招新熟手月嫂,8000-11800元/月,广州馨敏母婴护理服务有限公司
家政保洁_安保,月薪过万育婴早教师包吃住,8000-16000元/月,广州千样好家庭服务有限公司
家政保洁_安保,急急急+月嫂+不会可学,8000-16000元/月,北京我优信息科技有限公司
家政保洁_安保,8千招育婴52岁以下姐姐,8000-12000元/月,广州市帮到家家政有限公司
家政保洁_安保,招有无经验月嫂工资一万起,8000-16000元/月,广州馨敏母婴护理服务有限公司
家政保洁_安保,保育员转瑜伽学徒培训生,5000-8000元/月,广州特色商贸发展有限公司
家政保洁_安保,1万请收纳整理师早教月嫂,9000-10000元/月,深圳爱心到家家政服务有限公司
家政保洁_安保,站点直招骑手,8500-13500元/月,北京三快到家科技有限公司
家政保洁_安保,专招做饭搞卫生阿姨8千起,8000-12000元/月,广州家家月嫂家政服务有限公司
家政保洁_安保,三四十阿姨学催乳薪一万起,8000-16000元/月,北京我优信息科技有限公司
家政保洁_安保,高薪聘请养老护工,6000-9000元/月,广州华格汇家政信息咨询有限责任公司
家政保洁_安保,产康月子中心急招月入过万,6500-12000元/月,广州馨敏母婴护理服务有限公司
家政保洁_安保,阿姨轻松好就业买房无压力,8000-16000元/月,北京我优信息科技有限公司
家政保洁_安保,8千招照顾老人爱心阿姨,8000-16000元/月,广州千样好家庭服务有限公司
家政保洁_安保,急招养老护理员月薪八千,7000-14000元/月,广州馨敏母婴护理服务有限公司
家政保洁_安保,做老板还不如做护工,7000-14000元/月,广州和管家家庭服务有限公司
家政保洁_安保,广州急招高薪保姆钟点保洁,8000-16000元/月,五八到家有限公司
家政保洁_安保,八千招疫情后出来工作阿姨,7000-14000元/月,广州和管家家庭服务有限公司
家政保洁_安保,八千招别墅煮饭阿姨,7000-14000元/月,广州和管家家庭服务有限公司
家政保洁_安保,高薪物业保安福利好待遇优,4800-6500元/月,广州市文冲物业管理有限公司
家政保洁_安保,学高级月嫂育婴师包工作,8000-15000元/月,广州千样好家庭服务有限公司
家政保洁_安保,1万招月嫂育婴师钟点工,10000-12000元/月,广州馨敏母婴护理服务有限公司
家政保洁_安保,站点直招配送员,8500-13500元/月,广州穗云企业管理有限公司
家政保洁_安保,月子中心急招催乳产康师,8000-15000元/月,广州馨敏母婴护理服务有限公司
家政保洁_安保,保姆转8K瑜伽学徒+双休,5000-8000元/月,广州特色商贸发展有限公司
家政保洁_安保,单亲妈妈8千招住家保姆,6000-12000元/月,广州和管家家庭服务有限公司
家政保洁_安保,保洁转瑜伽老师+社保双休,5000-8000元/月,广州特色商贸发展有限公司
家政保洁_安保,做工厂不如做保姆挣高薪,6000-12000元/月,广州和管家家庭服务有限公司
家政保洁_安保,站点直聘送餐员提供车住,8500-13500元/月,广州穗云企业管理有限公司
家政保洁_安保,站点直招配送员,8500-13500元/月,广州穗云企业管理有限公司
家政保洁_安保,催乳产康不限年龄高薪就业,8500-13500元/月,广州馨敏母婴护理服务有限公司
家政保洁_安保,8000住家照顾自理老人,6000-10000元/月,广州家家月嫂家政服务有限公司
家政保洁_安保,8千急招0基础保姆育婴师,7000-11000元/月,广州馨敏母婴护理服务有限公司
家政保洁_安保,阿姨学产康=财务自由,8000-16000元/月,北京我优信息科技有限公司
家政保洁_安保,保姆转中医7k包吃住双休,7000-9000元/月,广州华手教育科技有限公司
家政保洁_安保,国企物业保安180/天,4680-6580元/月,广州博贤人力资源有限公司
家政保洁_安保,看孩子轻松月入过万,6500-12000元/月,广州馨敏母婴护理服务有限公司
家政保洁_安保,保姆转瑜伽培训学徒双休,5000-8000元/月,广州伽人体育有限公司
家政保洁_安保,9千育婴早教师,7500-12000元/月,广州馨敏母婴护理服务有限公司
家政保洁_安保,高薪招疫情出来工作啊姨,6000-12000元/月,广州和管家家庭服务有限公司
家政保洁_安保,保洁转中医7k包吃住,7000-9000元/月,广州华手教育科技有限公司
家政保洁_安保,保洁转中医7k包吃住双休,7000-9000元/月,广州华手教育科技有限公司
家政保洁_安保,8千急招一对一照顾老人,7000-12000元/月,广州馨敏母婴护理服务有限公司
家政保洁_安保,1万急招月嫂育婴早教,7000-14000元/月,广州馨敏母婴护理服务有限公司
家政保洁_安保,七千单休招照顾退休教授,8000-16000元/月,广州和管家家庭服务有限公司
家政保洁_安保,护工转中医7k包吃住,7000-9000元/月,广州华手教育科技有限公司
家政保洁_安保,招整理收纳师月薪上万,7000-14000元/月,广州和管家家庭服务有限公司
家政保洁_安保,八千招疫情后出来工作阿姨,7000-14000元/月,广州和管家家庭服务有限公司
家政保洁_安保,直聘保安高薪,面议,广州奕嘉租赁有限公司
家政保洁_安保,广州万科物业4千5以上,4600-6000元/月,广州市万科物业服务有限公司
家政保洁_安保,八千请保姆随时加工资,7000-14000元/月,广州和管家家庭服务有限公司
家政保洁_安保,7千起招住家保姆生手可接,7000-14000元/月,广州家家月嫂家政服务有限公司
家政保洁_安保,五险保安45岁以下+包住,5900-6680元/月,广州和兴物业发展有限公司
家政保洁_安保,6千起招做家政阿姨包吃住,6000-12000元/月,深圳爱心到家家政服务有限公司
家政保洁_安保,早教保育员+五险一金,6000-8000元/月,广州智托婴才教育科技有限公司
家政保洁_安保,六千招照顾退休自理老人,6000-12000元/月,广州和管家家庭服务有限公司
家政保洁_安保,不看学历带孩子8千一个月,8000-16000元/月,北京我优信息科技有限公司
家政保洁_安保,消防专员、保安/领班,4000-6000元/月,深圳市家宜多实业有限公司钟落潭镇家宜多购物中心
家政保洁_安保,万元招月嫂催乳产后修复师,8000-12000元/月,广州馨敏母婴护理服务有限公司
家政保洁_安保,急聘骨盆精雕私密师过万,10000-20000元/月,广州家家月嫂家政服务有限公司
家政保洁_安保,单身老板聘请阿姨做饭,8000-10000元/月,广州鸿亮家政服务有限公司
家政保洁_安保,保洁,3000-4000元/月,广州蒂纳斯休闲娱乐有限公司
家政保洁_安保,保安包吃住（天河广场）,2800-3600元/月,广州市至诚物业管理有限公司
家政保洁_安保,9千高端别墅急找阿姨,6000-9000元/月,广州安鑫家庭服务有限公司
家政保洁_安保,直招执勤保安+7K五险,5500-7000元/月,山东周服物业管理有限公司
家政保洁_安保,阿姨学育婴师薪资翻倍,8000-16000元/月,北京我优信息科技有限公司
家政保洁_安保,万元急招阿姨带宝宝,7500-9000元/月,广州安鑫家庭服务有限公司
家政保洁_安保,一对一照顾老人单8千起,7000-10000元/月,广州安鑫家庭服务有限公司
家政保洁_安保,1万起招月嫂不会可教,10000-20000元/月,深圳市傻大姐家政服务有限公司
家政保洁_安保,急聘保安5.5K,5500-6000元/月,广州市和舒安物业管理有限公司
家政保洁_安保,聘黄埔保安八小时包吃住,面议,广东宏盾保安服务有限公司
家政保洁_安保,做月嫂赚大钱,8500-15800元/月,广州家家月嫂家政服务有限公司
家政保洁_安保,9000育婴早教高端家庭,8000-12000元/月,广州家家月嫂家政服务有限公司
家政保洁_安保,1万急招3名月嫂助理,10000-15000元/月,广州爱贝健康护理有限公司
家政保洁_安保,5.5k天河聘保安+一金,5000-5500元/月,广州中泰物业服务有限公司
家政保洁_安保,6千8起急聘住家阿姨,6800-13600元/月,广州旺姐家政服务有限公司
家政保洁_安保,做1休1包吃包住保安,3800-4800元/月,广州雷霆保安服务有限公司
家政保洁_安保,阿姨学月嫂年薪15万起,8000-15000元/月,北京我优信息科技有限公司
家政保洁_安保,办公室保洁员（越秀区）,2750-3500元/月,广州市伟仕居装饰有限公司
家政保洁_安保,航运大厦招保安员,5000-6000元/月,广州市冠良保安服务有限公司
家政保洁_安保,学月嫂育婴师包住包工作,7000-14000元/月,广州千样好家庭服务有限公司
家政保洁_安保,天河干水洗技师月薪,6000-10000元/月,广州革新舍高级皮具护理有限公司
家政保洁_安保,包住+5K+诚聘保安,4600-5000元/月,广州烨圣物业管理有限公司
家政保洁_安保,离异爸爸招阿姨照顾孩子,7000-10000元/月,广州市福民家庭服务有限公司
家政保洁_安保,包吃住写字楼保安14薪,5000-6000元/月,中铁诺德物业管理有限公司广州分公司
家政保洁_安保,保育员转8K瑜伽老师学徒,5000-8000元/月,广州伽人体育有限公司
家政保洁_安保,高薪急聘小区保安+五险,5000-5500元/月,广州市恒隆房地产投资有限公司
家政保洁_安保,急招5k保安包吃住,4500-5000元/月,广州寒雅企业管理咨询有限公司
家政保洁_安保,番禺大石商业楼保安招聘,3800-4500元/月,广州粤盾保安服务有限公司
家政保洁_安保,4k包吃包住保安员,4000-4200元/月,威之宸（北京）保安服务有限公司广州分公司
家政保洁_安保,月嫂,11000-18000元/月,广州家助手家庭服务有限公司
家政保洁_安保,天鹅到家急招保姆保洁,5000-10000元/月,五八到家有限公司
服务员,送餐员高薪招聘骑手配车宿,8000-13000元/月,广州市易兴企业管理服务有限公司
服务员,蛋糕/欧包学徒4K包吃住,4500-6500元/月,广州市里永职业教育咨询有限公司
服务员,棠下送餐员+提供车住,6000-9000元/月,东莞市志晟信息咨询有限公司
服务员,急招无经验西餐学徒,4000-6000元/月,广州九瑞餐饮管理有限公司
服务员,西点学徒+包吃住,4500-5500元/月,广州雨霏西点有限公司
服务员,天河急招送餐员轻松稳定,7000-12000元/月,广州汇才供应链有限公司
服务员,骑手站点直招单多好送,8000-15000元/月,广州逸泓网络科技有限公司
服务员,奶茶饮品学徒/包住+五险,5000-6800元/月,广州市龙新餐饮管理有限公司
服务员,诚聘水吧咖啡饮品学徒,4000-6000元/月,广州恒悦餐饮管理有限公司
服务员,聘早班服务员可电联包吃住,3000-5000元/月,广州市歌王娱乐有限公司
服务员,网红慕斯蛋糕学徒/4K,4500-8500元/月,广州嘉政餐饮有限公司
服务员,急聘服务员+暑期工,3000-5000元/月,广州市海珠区壹点捌棋牌室
服务员,越秀服务员底薪4000,4000-6000元/月,广州忆泽企业管理咨询有限公司
服务员,西点裱花烘焙蛋糕学徒,5000-6500元/月,广州一路有茶餐饮管理有限公司
服务员,高薪就近招配送骑手供车住,6000-12000元/月,深圳市捷达天安货运代理有限公司
服务员,包吃住服务员,3500-4500元/月,深圳市永胜餐饮管理有限公司番禺分公司
服务员,无需健康证酒店服务员,3500-4500元/月,广州市卡威尔酒店有限公司
服务员,4k韩式裱花学徒月休5天,5000-6500元/月,广州市金海创业孵化器有限公司
服务员,新店开业急招服务员,3600-4300元/月,广州渔意丰收餐饮管理有限公司
服务员,客家菜+服务员包吃住,4000-5000元/月,小客家（广州）餐饮服务有限公司
服务员,蛋糕学徒甜品学徒4K,4635-7347元/月,广州焙来得餐饮管理有限公司
服务员,招聘中餐服务员高薪,3700-4500元/月,广州市星河湾酒店有限公司
服务员,美团送餐员当天可安排住宿,8000-16000元/月,广州优选餐饮管理有限公司
服务员,奶茶店学徒5k包吃住,4500-6500元/月,广州花涧轻语餐饮管理有限公司
服务员,淘金服务员18元小时月结,4000-5000元/月,广州嘉家餐饮有限公司
服务员,月均6千松下临时工包吃住,6500-7500元/月,广州松下空调器有限公司
服务员,棋牌好福利诚聘服务员,4500-4600元/月,广州市康逸居健康休闲有限公司
服务员,送餐哥不差单赚钱回家过年,7000-12000元/月,广东骑手供应链有限公司
服务员,无学历要求送餐员月1w+,8000-13000元/月,广州市堃鹏管理咨询服务有限公司
服务员,送餐员月入上万等你来挑战,8000-13000元/月,广州市堃鹏管理咨询服务有限公司
服务员,过万送餐员就近安排,6000-11000元/月,广州市易兴企业管理服务有限公司
服务员,万元高薪送餐员轻松稳定,7000-12000元/月,广州汇才供应链有限公司
服务员,市桥找送餐员8000+,8000-12000元/月,美团配送合作商
服务员,甜品学徒=高薪前景好,4500-6000元/月,广州领域餐饮管理有限公司
服务员,招聘美团骑手8k+高补贴,8000-12000元/月,美团配送合作商
服务员,蛋糕学徒（包食宿）,4000-8000元/月,广州领域餐饮管理有限公司
服务员,诚聘骑手免费配车有住宿,8000-15000元/月,广州逸泓网络科技有限公司
服务员,急招面包蛋糕店学徒+食宿,4500-6589元/月,广州市美戴职业教育咨询有限公司
服务员,网红蛋糕店招店员/4K起,4363-7345元/月,深圳市麦路嘉餐饮管理有限公司
服务员,诚聘（奶茶+咖啡）学徒,4000-5800元/月,广州市金海创业孵化器有限公司
服务员,美团站点单多直招骑手,8000-16000元/月,广州优选餐饮管理有限公司
服务员,站点急招骑手收入高+车住,8000-12000元/月,北京三快到家科技有限公司
服务员,美团送餐单多+男女生宿舍,8000-15800元/月,北京三快到家科技有限公司
服务员,高薪招配送骑手供车住,7000-13000元/月,美团配送合作商
服务员,烘焙学徒工-零基础可以学,5000-8000元/月,广州市里永职业教育咨询有限公司
服务员,包食宿蛋糕师,4547-7236元/月,广州嘉政餐饮有限公司
服务员,外卖骑手配车住日均45单,8810-13456元/月,广州市易兴企业管理服务有限公司
服务员,翻糖蛋糕甜品学徒/包吃住,4000-6500元/月,广州市美戴职业教育咨询有限公司
服务员,包食宿蛋糕师,4500-7200元/月,广州领域餐饮管理有限公司
服务员,烘焙学徒+++包食住,5000-6000元/月,广州恒悦餐饮管理有限公司
服务员,高薪聘裱花蛋糕包吃住,4500-6500元/月,深圳市麦路嘉餐饮管理有限公司
服务员,烘焙学徒急招4K到6k,4500-6500元/月,广州市美戴职业教育咨询有限公司
服务员,送餐员8K快乐工作赚大钱,8000-15000元/月,广州逸泓网络科技有限公司
服务员,送餐员+预支配车+江南西,8000-13000元/月,美团配送合作商
服务员,米其林烧肉店服务员,3800-5000元/月,深圳市百事盈泰餐饮服务有限公司
服务员,4K聘烘焙学徒-福利好,5000-8000元/月,广州市里永职业教育咨询有限公司
服务员,面包/烘焙学徒无基础试学,5000-8000元/月,广州市里永职业教育咨询有限公司
服务员,聘蛋糕学徒倒班双休包吃住,4000-6800元/月,广州领域餐饮管理有限公司
服务员,站点直招美团骑手包住包车,8000-12000元/月,北京三快到家科技有限公司
服务员,诚聘面包师可新手转行,5000-6500元/月,广州嘉政餐饮有限公司
服务员,烘焙学徒工-零基础可以学,4000-6800元/月,广州恒悦餐饮管理有限公司
服务员,4200/月服务员传菜员,4200-5000元/月,广州心诺企业管理咨询有限公司
服务员,急聘外卖员月8千起轻松自,8000-15000元/月,广州逸泓网络科技有限公司
服务员,美团高薪送餐员可就近安排,8000-12000元/月,美团配送合作商
服务员,9K急招美团配送员高薪,8000-12000元/月,北京三快到家科技有限公司
服务员,火车站送餐员+单多价高,6000-9000元/月,东莞市志晟信息咨询有限公司
服务员,烘焙学徒4.5K起包吃住,4500-6589元/月,广州市美戴职业教育咨询有限公司
服务员,烘焙学徒6K起包吃住,6000-9000元/月,广州领域餐饮管理有限公司
服务员,咖啡学徒+包食住+5K,5000-6000元/月,广州恒悦餐饮管理有限公司
服务员,送餐员无经验上岗月入过万,8000-15000元/月,北京三快到家科技有限公司
服务员,急招高薪配送员提供车,8000-12000元/月,北京三快到家科技有限公司
服务员,蛋糕奶茶学徒|包住宿直招,5000-8000元/月,广州市里永职业教育咨询有限公司
服务员,西餐学徒+包食住+前景好,5000-6000元/月,广州恒悦餐饮管理有限公司
服务员,直招送餐员想挣多少跑多少,7999-12999元/月,美团配送合作商
服务员,送餐员+月入过万,7000-12000元/月,北京三快到家科技有限公司
服务员,站点直招送餐员月入过万,7000-12000元/月,广州汇才供应链有限公司
服务员,烘焙学徒6K起包吃住,6000-9000元/月,广州恒悦餐饮管理有限公司
服务员,西餐学徒+前景好,4000-5000元/月,广州恒悦餐饮管理有限公司
服务员,急招靓仔送餐员9K,6500-13000元/月,广州市易兴企业管理服务有限公司
服务员,咖啡奶茶甜品学徒,4500-8000元/月,广州市里永职业教育咨询有限公司
服务员,直招送餐员（钟村）,8000-12000元/月,美团配送合作商
服务员,网红甜品学徒,4363-7346元/月,深圳市麦路嘉餐饮管理有限公司
服务员,急招美团骑手8k+车住,8000-15000元/月,美团配送合作商
服务员,急招美团配送员高薪9k,8000-12000元/月,北京三快到家科技有限公司
服务员,招送外卖不影响打游戏,8000-15000元/月,美团配送合作商
服务员,5k聘西点学徒包吃住,5000-8000元/月,广州市里永职业教育咨询有限公司
服务员,正佳急招外卖小哥有吃有住,8888-12222元/月,北京三快到家科技有限公司
服务员,急招过万美团骑手有住有车,8000-15000元/月,美团配送合作商
服务员,骑手也能月入过万,8000-12000元/月,北京三快到家科技有限公司
服务员,爆单爆单爆单急招骑手,9200-13800元/月,美团配送合作商
服务员,下班送餐+就近安排,8500-13000元/月,美团配送合作商
服务员,服务员,4500-5000元/月,广州玛洛可歇餐饮有限公司
服务员,文员转甜点学徒包吃住,5000-6500元/月,广州嘉政餐饮有限公司
服务员,诚聘服务员绩效房补,4000-6000元/月,广州市天河区冼村霸碗小吃店
服务员,海底捞服务员5K起包吃住,5200-8000元/月,海底捞
服务员,4K招面包店员包吃住,4367-7454元/月,深圳市麦路嘉餐饮管理有限公司
服务员,服务员,6000-8000元/月,广东海沃文化发展有限公司
服务员,服务员,3000-6000元/月,广州市天河区龙洞巧湘厨餐厅
服务员,大学城高校汉堡店服务员,4000-5000元/月,深圳市蒸好膳食管理服务有限公司
服务员,调茶师,4500-7500元/月,广州市黄埔区铭遇奶茶店
服务员,蛋糕店学徒/糕点任吃,5000-8000元/月,广州市里永职业教育咨询有限公司
服务员,公司直招餐厅实习生,2800-5200元/月,广州大家乐食品实业有限公司
服务员,天河服务员包吃住高薪,3500-5500元/月,广州市天河区天园三姐妹饭店
服务员,包吃住当天安排住宿,6000-8000元/月,广州凌阳物流供应链有限公司
服务员,正佳站直招骑手月入过万,8888-12222元/月,北京三快到家科技有限公司
服务员,人走账清包吃住急招,6000-8000元/月,广州凌阳物流供应链有限公司
服务员,烘焙技术培训/高薪就业,4000-6000元/月,广州熳点教育科技有限公司
服务员,聘请服务员包食宿无需经验,面议,昆明市西山区俪都娱乐服务部
服务员,外卖骑手干一干一年十几万,6000-9999元/月,美团配送合作商
服务员,天河月薪过万招聘骑手,8000-12000元/月,北京三快到家科技有限公司
服务员,当天安排住宿包吃住,6000-8000元/月,广州凌阳物流供应链有限公司
服务员,服务员+提供食宿4.5k,4000-8000元/月,广州忆泽企业管理咨询有限公司
服务员,长白班包吃住工作轻松,6000-8000元/月,广州凌阳物流供应链有限公司
服务员,服务员（4k-4.5k）,4200-4500元/月,广州榕意餐饮管理有限公司
服务员,当天安排住宿包吃住,6000-8000元/月,广州凌阳物流供应链有限公司
服务员,学烘焙学期短就业前景优,4000-6000元/月,广州熳点教育科技有限公司
服务员,当天安排住宿包吃住,6000-8000元/月,广州凌阳物流供应链有限公司
服务员,当天安排住宿包吃住,6000-8000元/月,广州凌阳物流供应链有限公司
服务员,包吃住当天安排住宿,6000-8000元/月,广州凌阳物流供应链有限公司
服务员,当天安排住宿包吃住,6000-8000元/月,广州凌阳物流供应链有限公司
服务员,大量招品检长期短期,6000-8000元/月,广州凌阳物流供应链有限公司
服务员,包吃住-1个月酒店服务员,3500-4500元/月,广州市卡威尔酒店有限公司
服务员,诚聘婉斑服务员包食宿优厚,面议,武汉市江岸区鎏银歌厅
服务员,广州长白坐班包吃住9千,6000-8000元/月,广州凌阳物流供应链有限公司
服务员,急招服务员包食宿无需经验,面议,昆明市西山区俪都娱乐服务部
服务员,5K轻松上班餐厅服务员,4500-5500元/月,广州寒雅企业管理咨询有限公司
服务员,急招咨客营销服务员,3500-5000元/月,广州市白云区均禾亿海沐足中心
服务员,包吃住当天安排住宿,6000-8000元/月,广州凌阳物流供应链有限公司
服务员,工作稳定包吃三餐月6千起,6000-8000元/月,广州凌阳物流供应链有限公司
服务员,兴盛汇烤肉店服务员,3600-5000元/月,深圳市百事盈泰餐饮服务有限公司
服务员,急招服务员数名,4000-5000元/月,广州市天河区银都休闲中心
服务员,西餐厅服务员,4000-5000元/月,广州玛洛可歇餐饮有限公司
服务员,1个月服务员有无经验均可,3500-4500元/月,广州市卡威尔酒店有限公司
服务员,大量招品检长期短期,6000-8000元/月,广州凌阳物流供应链有限公司
服务员,韩国料理店服务员包吃住,4000-5000元/月,广州忆泽企业管理咨询有限公司
服务员,大量招品检长期短期,6000-8000元/月,广州凌阳物流供应链有限公司
服务员,工作稳定包吃三餐月6千起,6000-8000元/月,广州凌阳物流供应链有限公司
服务员,服务员（待遇好）,4000-6000元/月,广州市海珠区大猿日本料理店
服务员,招聘骑手+月入过w不封顶,8000-12000元/月,美团配送合作商
服务员,1个月服务员包吃住可预支,3500-4500元/月,广州卡丽酒店有限公司
服务员,烘焙服务员/5K包吃住,5000-6500元/月,广州花涧轻语餐饮管理有限公司
服务员,广州长白坐班包吃住9千,6000-8000元/月,广州凌阳物流供应链有限公司
服务员,烘焙小白入门培训招生,4000-6000元/月,广州熳点教育科技有限公司
服务员,针灸学徒/服务员|休6天,8500-9500元/月,广州唯爱聚美科技有限公司
服务员,连锁烘焙学院招学员前景优,4000-6000元/月,广州熳点教育科技有限公司
服务员,诚招婉斑服务员无需经验,面议,武汉市江岸区鎏银歌厅
服务员,美工设计培训服务员可转行,6000-8000元/月,上海天琥教育培训有限公司广州分公司
服务员,大量招品检长期短期,6000-8000元/月,广州凌阳物流供应链有限公司
服务员,急聘婉斑服务员优厚包食住,面议,武汉市江岸区鎏银歌厅
服务员,月入7千辞工结清月,6000-8000元/月,广州凌阳物流供应链有限公司
服务员,店员,4000-6000元/月,魔方网聘（北京）科技有限公司
服务员,月入7千辞工结清月,6000-8000元/月,广州凌阳物流供应链有限公司
服务员,聘请服务员包食宿待遇优,面议,深圳市点一杯餐饮管理有限公司
服务员,美工设计+服务员可培训,6000-8000元/月,上海天琥教育培训有限公司广州分公司
服务员,长白班包吃住工作轻松,6000-8000元/月,广州凌阳物流供应链有限公司
服务员,稳定工资月7千白班坐班,6000-8000元/月,广州凌阳物流供应链有限公司
服务员,当天安排住宿包吃住,6000-8000元/月,广州凌阳物流供应链有限公司
服务员,服务员包吃住2个月,3800-4500元/月,广东佬麻雀餐饮管理有限公司
服务员,服务员包吃包住,面议,广州市天河区懂生沐足休闲中心（普通合伙）
服务员,人走账清包吃住急招,6000-8000元/月,广州凌阳物流供应链有限公司
服务员,包吃住当天安排住宿,6000-8000元/月,广州凌阳物流供应链有限公司
服务员,招慕斯学徒/面包烘焙学徒,4000-6500元/月,广州市美戴职业教育咨询有限公司
服务员,包吃住当天安排住宿,6000-8000元/月,广州凌阳物流供应链有限公司
服务员,工作稳定包吃三餐月6千起,6000-8000元/月,广州凌阳物流供应链有限公司
服务员,月入7千辞工结清月,6000-8000元/月,广州凌阳物流供应链有限公司
服务员,稳定工资月7千白班坐班,6000-8000元/月,广州凌阳物流供应链有限公司
服务员,包吃住当天安排住宿,6000-8000元/月,广州凌阳物流供应链有限公司
服务员,急招服务员待遇优不压工资,面议,深圳市点一杯餐饮管理有限公司
服务员,工作稳定包吃三餐月6千起,6000-8000元/月,广州凌阳物流供应链有限公司
服务员,5G+白班+8千+包进,7500-9000元/月,广东沃和实业发展有限公司
服务员,急招服务员单单清稳定,面议,深圳市点一杯餐饮管理有限公司
服务员,包吃住当天安排住宿,6000-8000元/月,广州凌阳物流供应链有限公司
服务员,学烘焙学期短就业前景优,4000-6000元/月,广州熳点教育科技有限公司
服务员,急招服务员包食宿待遇优厚,面议,深圳市点一杯餐饮管理有限公司
服务员,服务员,3350-3900元/月,广州喜遇满餐饮管理有限公司第六分公司
服务员,包吃住当天安排住宿,6000-8000元/月,广州凌阳物流供应链有限公司
服务员,聘请幼稚服务员包食宿,面议,深圳市点一杯餐饮管理有限公司
服务员,直招服务员包吃住1个月,3500-4500元/月,广州卡丽酒店有限公司
服务员,直招服务员包食宿无需经验,面议,昆明市西山区俪都娱乐服务部
服务员,包吃住当天安排住宿,6000-8000元/月,广州凌阳物流供应链有限公司
服务员,大量招品检长期短期,6000-8000元/月,广州凌阳物流供应链有限公司
服务员,诚聘婉斑服务员优厚包食住,面议,武汉市江岸区鎏银歌厅
服务员,服务员包吃住无需经验,3500-4500元/月,广州市卡威尔酒店有限公司
服务员,高薪聘服务员,4000-6000元/月,广州市天河区冼村霸碗小吃店
服务员,西餐厅招服务员包吃住,面议,广州子午线餐饮有限公司
服务员,大量招品检长期短期,6000-8000元/月,广州凌阳物流供应链有限公司
服务员,直招婉斑服务员包食宿优厚,面议,武汉市江岸区鎏银歌厅
服务员,面包/烘焙学徒无基础试学,4000-6000元/月,广州熳点教育科技有限公司
服务员,诚聘服务员包食宿无需经验,面议,昆明市西山区俪都娱乐服务部
服务员,4千连锁餐饮长白班包吃住,4000-5000元/月,广州忆泽企业管理咨询有限公司
服务员,广州长白坐班包吃住9千,6000-8000元/月,广州凌阳物流供应链有限公司
服务员,长白班包吃住工作轻松,6000-8000元/月,广州凌阳物流供应链有限公司
服务员,急急招服务员包食宿无压力,面议,昆明市西山区俪都娱乐服务部
服务员,服务员（待遇好）,4000-6000元/月,广州市海珠区大猿日本料理店
服务员,足疗学徒/服务员,8500-9500元/月,广州唯爱聚美科技有限公司
服务员,环境大使五险一金周末双休,4500-7000元/月,广州三丰服务有限公司
服务员,奶茶店店员（可无经验）,4500-6000元/月,广州康诚餐饮有限公司
服务员,服务员转中医7k包吃住,7000-9000元/月,广州华手教育科技有限公司
服务员,日料店服务员（工资高）,4000-6000元/月,广州市海珠区大猿日本料理店
服务员,学烘焙学期短就业前景优,4000-6000元/月,广州熳点教育科技有限公司
服务员,电子厂白班岗位月8K,8000-11000元/月,广州华普企业管理有限公司
服务员,电子厂白班包吃住月8K,8000-11000元/月,广州华普企业管理有限公司
服务员,普工自由包吃住月入8K,6500-8000元/月,广州市佳能可电子科技有限公司
服务员,急招服务员包吃五险一金,5000-5500元/月,广州天河利苑酒家有限公司
服务员,音乐西餐吧服务员,4000-6000元/月,广州科迅企业管理服务有限公司
服务员,高薪招聘餐厅服务员,4000-4500元/月,广州市泰唯美餐饮管理有限公司
服务员,服务员包吃住5千,4000-6000元/月,广州新豪轩酒家有限公司
服务员,服务生服务员4K+包吃住,3400-4500元/月,广州豪湘情餐饮有限公司
服务员,急招5k中餐咨客服务员,4500-5500元/月,广州寒雅企业管理咨询有限公司
服务员,服务员+包食宿+底薪4k,6000-8000元/月,魔方网聘（北京）科技有限公司
服务员,稳定工资月7千白班坐班,6000-8000元/月,广州凌阳物流供应链有限公司
服务员,服务员包吃住3500起,3500-4500元/月,广州市东度餐饮有限公司
服务员,蛋糕店学徒包吃住4k起,4000-7000元/月,广州领域餐饮管理有限公司
服务员,双休服务员3500包吃住,3500-5000元/月,广东寒雅酒店管理咨询有限公司
服务员,日式休闲吧服务员/包住,4500-6000元/月,广州贝比餐饮有限公司
服务员,餐厅后厨服务员包吃就近,4500-6000元/月,广州泰弘劳务派遣有限公司
服务员,领班服务员部长,4800-5800元/月,广州市一村一店餐饮管理服务有限公司
服务员,新厂坐着上班包吃住7千,6000-8000元/月,广州穗云企业管理有限公司
服务员,店员,4000-6000元/月,魔方网聘（北京）科技有限公司
服务员,外卖打包员包吃住月薪5K,4600-5600元/月,广州市越秀区云饺云美食店
服务员,3500+急招番禺服务员,3000-5000元/月,广州市御前餐饮管理有限公司
服务员,火锅店服务员+包吃住,4500-4800元/月,广州忆泽企业管理咨询有限公司
服务员,服务员+包吃住（国金店）,4000-4500元/月,广州市食尚国味饮食管理有限公司
服务员,高薪招聘服务员+包吃住,4000-5000元/月,小客家（广州）餐饮服务有限公司
服务员,急招中医针灸按摩服务员,6000-9000元/月,广州源健教育咨询有限公司
服务员,连锁店直招服务员可应届生,2800-5200元/月,广州大家乐食品实业有限公司
服务员,6k急招服务员包吃-包住,6000-8000元/月,广州途客供应链服务有限公司
服务员,广州长白坐班包吃住9千,6000-8000元/月,广州凌阳物流供应链有限公司
服务员,酒店服务员长白班八小时,4000-6000元/月,增城市碧桂园凤凰城酒店有限公司沈北新区分公司
服务员,诚聘服务员,面议,广州赫雷斯餐饮有限公司
服务员,连锁烘焙学院招学员前景优,4000-6000元/月,广州熳点教育科技有限公司
服务员,部长主管前台,4000-6000元/月,广州步步康足疗馆
服务员,服务员,4000-5000元/月,广州市白云区阿信美容美发沐足馆
服务员,酒店长白班服务员,4000-6000元/月,广州科迅企业管理服务有限公司
服务员,百利鸽王嘉华分店-服务员,3600-6000元/月,广东百利有米餐饮管理有限公司
服务员,急聘5名沐足店服务员,3000-5000元/月,广州锦民棋牌有限公司
服务员,电子厂大量招聘普工,6500-8500元/月,广州方航企业管理有限公司
服务员,y酒店服务员自由无夜班,4000-6000元/月,增城市碧桂园凤凰城酒店有限公司
服务员,服务员3700起+包吃住,3700-4200元/月,广州楚豪餐饮管理有限公司
服务员,美工设计学员/服务员转行,6000-8000元/月,上海天琥教育培训有限公司广州分公司
服务员,美工设计培训服务员可转行,6000-8000元/月,上海天琥教育培训有限公司广州分公司
服务员,招聘日本料理服务员,3200-5000元/月,大猿日本料理
服务员,嘉禾望岗酒店服务员20块,4500-6000元/月,广州穗云企业管理有限公司
服务员,服务员（五险一金包吃住）,3800-7600元/月,广州江楠餐饮有限公司
餐饮,美团直招送餐员0押金包住,8000-16000元/月,美团配送合作商
餐饮,招外卖送餐员骑手拎包入住,8000-15000元/月,亿鑫（广州）物流供应链有限公司
餐饮,朴朴直招骑手工资高单量多,7500-15000元/月,广州市朴朴网络科技有限公司
餐饮,万元高薪送餐员轻松稳定,7000-12000元/月,广州汇才供应链有限公司
餐饮,高薪爆单站点急招送餐员,7000-11000元/月,广州广团配送服务有限公司
餐饮,月均6千松下临时工包吃住,6500-7500元/月,广州松下空调器有限公司
餐饮,诚聘（奶茶+咖啡）学徒,4000-5800元/月,广州市金海创业孵化器有限公司
餐饮,蛋糕学徒甜品学徒4K,4635-7347元/月,广州焙来得餐饮管理有限公司
餐饮,美团站点单多直招骑手,8000-16000元/月,广州优选餐饮管理有限公司
餐饮,蛋糕学徒（包食宿）,4000-8000元/月,广州领域餐饮管理有限公司
餐饮,西餐学徒6k包吃住,6000-6500元/月,广州九瑞餐饮管理有限公司
餐饮,棋牌好福利诚聘服务员,4500-4600元/月,广州市康逸居健康休闲有限公司
餐饮,5K包吃住地哩,4500-5500元/月,广东寒雅酒店管理咨询有限公司
餐饮,聘早班服务员可电联包吃住,3000-5000元/月,广州市歌王娱乐有限公司
餐饮,蛋糕奶茶学徒|包住宿直招,5000-8000元/月,广州市里永职业教育咨询有限公司
餐饮,奶茶饮品学徒/包住+五险,5000-6800元/月,广州市龙新餐饮管理有限公司
餐饮,买菜骑手有车住+补贴,7500-13000元/月,花点企业管理（广州）有限公司
餐饮,烘焙学徒+++包食住,5000-6000元/月,广州恒悦餐饮管理有限公司
餐饮,年前不努力年后干工地,8000-11000元/月,广州野马科技有限公司
餐饮,蜂鸟直招派送员不影响打游,8000-15000元/月,深圳瑞亨物流有限公司
餐饮,南村直招骑手有车住+预支,8000-15800元/月,深圳市捷达天安货运代理有限公司
餐饮,客家菜+服务员包吃住,4000-5000元/月,小客家（广州）餐饮服务有限公司
餐饮,外卖骑手配车住日均45单,8810-13456元/月,广州市易兴企业管理服务有限公司
餐饮,米其林烧肉店服务员,3800-5000元/月,深圳市百事盈泰餐饮服务有限公司
餐饮,供车住员村骑手直招可预支,8000-15800元/月,深圳市捷达天安货运代理有限公司
餐饮,天河区美团送餐有车住单多,8000-15000元/月,美团配送合作商
餐饮,急招蛋糕学徒西点烘焙学徒,4000-6000元/月,广州甜言蜜光蛋糕有限公司
餐饮,美团送餐单多+男女生宿舍,8000-15800元/月,北京三快到家科技有限公司
餐饮,奶茶店学徒5k包吃住,4500-6500元/月,广州花涧轻语餐饮管理有限公司
餐饮,包食宿蛋糕师,4547-7236元/月,广州嘉政餐饮有限公司
餐饮,急招无经验西餐学徒,4000-6000元/月,广州九瑞餐饮管理有限公司
餐饮,咖啡奶茶甜品学徒,4500-8000元/月,广州市里永职业教育咨询有限公司
餐饮,急招越秀东山爆单美团骑手,7000-9000元/月,北京三快到家科技有限公司
餐饮,诚聘水吧咖啡饮品学徒,4000-6000元/月,广州恒悦餐饮管理有限公司
餐饮,无学历要求送餐员月1w+,8000-13000元/月,广州市堃鹏管理咨询服务有限公司
餐饮,网红甜品学徒,4363-7346元/月,深圳市麦路嘉餐饮管理有限公司
餐饮,包食宿蛋糕师,4500-7200元/月,广州领域餐饮管理有限公司
餐饮,体育中心招骑手8K+车住,8000-15800元/月,深圳市捷达天安货运代理有限公司
餐饮,聘美团送餐员单多好送有车,8000-16000元/月,美团配送合作商
餐饮,网红慕斯蛋糕学徒/4K,4500-8500元/月,广州嘉政餐饮有限公司
餐饮,美团送餐员当天可安排住宿,8000-16000元/月,广州优选餐饮管理有限公司
餐饮,西点裱花烘焙蛋糕学徒,5000-6500元/月,广州一路有茶餐饮管理有限公司
餐饮,蜂鸟骑手+月入过万+住宿,8800-14300元/月,广州野马科技有限公司
餐饮,烘焙学徒6K起包吃住,6000-9000元/月,广州恒悦餐饮管理有限公司
餐饮,龙洞招送餐员骑手有车就近,8000-15000元/月,亿鑫（广州）物流供应链有限公司
餐饮,钟村招骑手就近安排+车住,7500-12000元/月,深圳市捷达天安货运代理有限公司
餐饮,5k聘西点学徒包吃住,5000-8000元/月,广州市里永职业教育咨询有限公司
餐饮,站点直招送餐员有车住,6000-9000元/月,深圳市捷达天安货运代理有限公司
餐饮,无量单+高单价招聘配送员,7000-14000元/月,美团配送合作商
餐饮,陈家祠外卖送餐员提供车住,8000-15000元/月,北京三快到家科技有限公司
餐饮,蛋糕/欧包学徒4K包吃住,4500-6500元/月,广州市里永职业教育咨询有限公司
餐饮,江南西站点单多直招送餐员,8000-12000元/月,深圳市捷达天安货运代理有限公司
餐饮,收银,3300-6500元/月,广州市海都会休闲会所中心
餐饮,正佳急招外卖小哥有吃有住,8888-12222元/月,北京三快到家科技有限公司
餐饮,蛋糕店学徒/糕点任吃,5000-8000元/月,广州市里永职业教育咨询有限公司
餐饮,东晓南单多送餐员提供车,8000-15800元/月,深圳市捷达天安货运代理有限公司
餐饮,白云区急招美团骑手+车住,7500-15000元/月,北京三快到家科技有限公司
餐饮,增城区急招美团骑手+车住,7500-15000元/月,北京三快到家科技有限公司
餐饮,爆单美团送餐员有车可预支,8000-12000元/月,北京三快到家科技有限公司
餐饮,无需经验送餐员+配车包住,8000-15000元/月,美团配送合作商
餐饮,烘焙学徒工-零基础可以学,5000-8000元/月,广州市里永职业教育咨询有限公司
餐饮,爆单爆单爆单急招骑手,9200-13800元/月,美团配送合作商
餐饮,4K招面包店员包吃住,4367-7454元/月,深圳市麦路嘉餐饮管理有限公司
餐饮,越秀送餐员月入过万+车住,8000-16000元/月,深圳市捷达天安货运代理有限公司
餐饮,天河外卖送餐员单价单量高,8000-12000元/月,深圳市捷达天安货运代理有限公司
餐饮,9000美团配送员狮岭,9000-15000元/月,美团配送合作商
餐饮,沥滘直招送餐员可预支,8000-12000元/月,深圳市捷达天安货运代理有限公司
餐饮,美团高薪送餐员可就近安排,8000-12000元/月,美团配送合作商
餐饮,广州外卖送餐员8K直招,8000-15800元/月,深圳市捷达天安货运代理有限公司
餐饮,就近安排美团送餐8K有车,8000-16000元/月,美团配送合作商
餐饮,站点单多急招骑手送餐员,6000-12000元/月,深圳市捷达天安货运代理有限公司
餐饮,同德围美团直招有车住8K,8000-16000元/月,美团配送合作商
餐饮,新店开业急招服务员,3600-4300元/月,广州渔意丰收餐饮管理有限公司
餐饮,美团无经验即可上岗赚钱,6000-12000元/月,深圳市捷达天安货运代理有限公司
餐饮,美团直招有车有住工资8K,8000-16000元/月,美团配送合作商
餐饮,5k包吃住-奶茶烘焙学徒,5000-6800元/月,广州市金海创业孵化器有限公司
餐饮,直聘送餐员工作自由,6000-12000元/月,美团配送合作商
餐饮,体育中心聘骑手—美团直招,6000-12000元/月,深圳市捷达天安货运代理有限公司
餐饮,美团夏天奖励单量高得起飞,10000-15000元/月,美团配送合作商
餐饮,天河诚招送餐员8k+车住,8000-15800元/月,深圳市捷达天安货运代理有限公司
餐饮,爆单站直招美团有车住8K,8000-16000元/月,美团配送合作商
餐饮,站点直招骑手可提供车住,8000-13000元/月,深圳市捷达天安货运代理有限公司
餐饮,外卖骑手+爆单+食宿,8000-15000元/月,广州野马科技有限公司
餐饮,站点直招骑手就近分配,8000-16000元/月,深圳市捷达天安货运代理有限公司
餐饮,诚聘外卖配送员无经验上岗,8910-15665元/月,美团配送合作商
餐饮,猎德站骑手有吃有住+有车,8000-15800元/月,深圳市捷达天安货运代理有限公司
餐饮,京溪美团爆单招骑手月过万,8000-16000元/月,美团配送合作商
餐饮,美团直招送餐员有车住,8000-12000元/月,深圳市捷达天安货运代理有限公司
餐饮,美团骑手有车住+工资预支,8000-16000元/月,美团配送合作商
餐饮,美团送餐员有车住就近分配,6000-12000元/月,深圳市捷达天安货运代理有限公司
餐饮,0元入职送餐员配车可预支,8000-15800元/月,深圳市捷达天安货运代理有限公司
餐饮,送餐员+预支配车+江南西,8000-13000元/月,美团配送合作商
餐饮,美团高薪招聘骑手可预支,8000-13000元/月,美团配送合作商
餐饮,美团外卖供住配车高薪自由,8000-13500元/月,美团配送合作商
餐饮,8K直招美团外卖骑手有车,8000-12000元/月,深圳市捷达天安货运代理有限公司
餐饮,美团外卖骑手奶茶生鲜配送,7500-13000元/月,美团配送合作商
餐饮,送餐员可配车比工厂自由,6000-12000元/月,深圳大唐宏业网络科技有限公司
餐饮,站点直招骑手送餐员供车住,6000-12000元/月,深圳市捷达天安货运代理有限公司
餐饮,急聘送餐员单多好送+车,8000-15000元/月,花点企业管理（广州）有限公司
餐饮,烘焙学徒工-零基础可以学,4000-6800元/月,广州恒悦餐饮管理有限公司
餐饮,站点直招美团骑手单多价高,7000-12000元/月,美团配送合作商
餐饮,送餐员月入上万等你来挑战,8000-13000元/月,广州市堃鹏管理咨询服务有限公司
餐饮,无需健康证酒店服务员,3500-4500元/月,广州市卡威尔酒店有限公司
餐饮,健身助理高薪包吃住,4000-8000元/月,广州菲澳健身有限公司
餐饮,美团直招送餐员车住全包,7500-15000元/月,深圳市捷达天安货运代理有限公司
餐饮,棠下送餐员+提供车住,6000-9000元/月,东莞市志晟信息咨询有限公司
餐饮,4k韩式裱花学徒月休5天,5000-6500元/月,广州市金海创业孵化器有限公司
餐饮,越秀区招送餐员骑手可预支,8000-15000元/月,亿鑫（广州）物流供应链有限公司
餐饮,海珠区招送餐员可预支工资,9000-14000元/月,美团配送合作商
餐饮,送餐员,6000-12000元/月,美团配送合作商
餐饮,招聘中餐服务员高薪,3700-4500元/月,广州市星河湾酒店有限公司
餐饮,高薪聘裱花蛋糕包吃住,4500-6500元/月,深圳市麦路嘉餐饮管理有限公司
餐饮,急聘服务员+暑期工,3000-5000元/月,广州市海珠区壹点捌棋牌室
餐饮,包吃住服务员,3500-4500元/月,深圳市永胜餐饮管理有限公司番禺分公司
餐饮,骑手也能月入过万,8000-12000元/月,北京三快到家科技有限公司
餐饮,4K聘烘焙学徒-福利好,5000-8000元/月,广州市里永职业教育咨询有限公司
餐饮,直招咖啡学徒+包吃住,4000-6000元/月,广州九瑞餐饮管理有限公司
餐饮,荔湾区1w诚招蓝骑士,7300-12000元/月,广州野马科技有限公司
餐饮,北京路招美团送餐员9k起,8000-15000元/月,美团配送合作商
餐饮,过万送餐员就近安排,6000-11000元/月,广州市易兴企业管理服务有限公司
餐饮,配送员收入高配车,8500-13500元/月,广州穗云企业管理有限公司
餐饮,淘金服务员18元小时月结,4000-5000元/月,广州嘉家餐饮有限公司
餐饮,西点学徒+包吃住,4500-5500元/月,广州雨霏西点有限公司
餐饮,越秀服务员底薪4000,4000-6000元/月,广州忆泽企业管理咨询有限公司
餐饮,天河急招送餐员轻松稳定,7000-12000元/月,广州汇才供应链有限公司
餐饮,高薪就近招配送骑手供车住,6000-12000元/月,深圳市捷达天安货运代理有限公司
餐饮,急招美团配送员高薪9k,8000-12000元/月,北京三快到家科技有限公司
餐饮,广州诚招送餐员就近分配,8000-12000元/月,深圳市捷达天安货运代理有限公司
餐饮,送餐员无押金有车住1W,8000-16000元/月,淮安航道网络科技有限公司
餐饮,急招面包蛋糕店学徒+食宿,4500-6589元/月,广州市美戴职业教育咨询有限公司
餐饮,招慕斯学徒/面包烘焙学徒,4000-6500元/月,广州市美戴职业教育咨询有限公司
餐饮,火车站送餐员+单多价高,6000-9000元/月,东莞市志晟信息咨询有限公司
餐饮,4200/月服务员传菜员,4200-5000元/月,广州心诺企业管理咨询有限公司
餐饮,诚聘面包师可新手转行,5000-6500元/月,广州嘉政餐饮有限公司
餐饮,送餐员8K快乐工作赚大钱,8000-15000元/月,广州逸泓网络科技有限公司
餐饮,烘焙蛋糕学徒（包食宿）,5000-6500元/月,广州市金海创业孵化器有限公司
餐饮,网红蛋糕店招店员/4K起,4363-7345元/月,深圳市麦路嘉餐饮管理有限公司
餐饮,西餐学徒+包食住+前景好,5000-6000元/月,广州恒悦餐饮管理有限公司
餐饮,送餐员0元入职拎包入住,8000-15000元/月,亿鑫（广州）物流供应链有限公司
餐饮,聘蛋糕学徒倒班双休包吃住,4000-6800元/月,广州领域餐饮管理有限公司
餐饮,站点直招送餐员月入过万,7000-12000元/月,广州汇才供应链有限公司
餐饮,餐饮转健身助教包吃住,4000-8000元/月,广州菲澳健身有限公司
餐饮,体育中心美团骑手高薪配车,8000-15000元/月,美团配送合作商
餐饮,美团直招送餐员非中介,6000-12000元/月,深圳市捷达天安货运代理有限公司
餐饮,急招番禺区送餐员配车,8000-15000元/月,北京三快到家科技有限公司
餐饮,面包/烘焙学徒无基础试学,5000-8000元/月,广州市里永职业教育咨询有限公司
餐饮,甜品店学徒（包吃住）,4500-6000元/月,广州恒悦餐饮管理有限公司
餐饮,烘焙学徒急招4K到6k,4500-6500元/月,广州市美戴职业教育咨询有限公司
餐饮,忘了她送外卖养你,8000-16000元/月,广州野马科技有限公司
餐饮,甜品学徒=高薪前景好,4500-6000元/月,广州领域餐饮管理有限公司
餐饮,诚聘骑手免费配车有住宿,8000-15000元/月,广州逸泓网络科技有限公司
餐饮,直招骑手爆单急需送餐员,7000-14000元/月,广州市易兴企业管理服务有限公司
餐饮,同和送餐员+提供车住,6000-9000元/月,东莞市志晟信息咨询有限公司
餐饮,文员转甜点学徒包吃住,5000-6500元/月,广州嘉政餐饮有限公司
餐饮,爆单站点9K直招美团骑手,8000-13500元/月,美团配送合作商
餐饮,烘焙学徒6K起包吃住,6000-9000元/月,广州领域餐饮管理有限公司
餐饮,烘焙学徒4.5K起包吃住,4500-6589元/月,广州市美戴职业教育咨询有限公司
餐饮,送餐哥不差单赚钱回家过年,7000-12000元/月,广东骑手供应链有限公司
餐饮,招聘9000+送餐员,7500-9888元/月,花点企业管理（广州）有限公司
餐饮,身无分文入职车住可预支,8200-13850元/月,广州野马科技有限公司
餐饮,就近安排+配车住+可预支,7600-13000元/月,广州市易兴企业管理服务有限公司
餐饮,骑手站点直招单多好送,8000-15000元/月,广州逸泓网络科技有限公司
餐饮,黄村美团骑手有车辆+住宿,8000-16000元/月,美团配送合作商
餐饮,急聘高薪自由配送员8K,8000-15000元/月,花点企业管理（广州）有限公司
餐饮,龙口站美团直招送餐员配车,7500-15000元/月,北京三快到家科技有限公司
餐饮,翻糖蛋糕甜品学徒/包吃住,4000-6500元/月,广州市美戴职业教育咨询有限公司
餐饮,西餐学徒+前景好++++,6000-6500元/月,广州恒悦餐饮管理有限公司
餐饮,送餐员高薪招聘骑手配车宿,8000-13000元/月,广州市易兴企业管理服务有限公司
餐饮,诚聘骑手美团送餐员非中介,8000-15000元/月,美团配送合作商
餐饮,没技术又想高薪看这里,6000-12000元/月,广州野马科技有限公司
餐饮,美团送餐员包车住+可预支,7500-15000元/月,北京三快到家科技有限公司
餐饮,咖啡学徒+包食住+5K,5000-6000元/月,广州恒悦餐饮管理有限公司
餐饮,急招美团送餐员拎包入住,8000-15000元/月,美团配送合作商
餐饮,美团无经验即可上岗供车住,6000-12000元/月,深圳市捷达天安货运代理有限公司
餐饮,日结送餐员配车无押金,6588-12000元/月,深圳市捷达天安货运代理有限公司
餐饮,燕塘美团送餐骑手车住预支,8000-15000元/月,深圳市捷达天安货运代理有限公司
餐饮,客村高薪直招美团骑手,7000-9000元/月,北京三快到家科技有限公司
餐饮,高薪直聘配送车0元入职,6000-10000元/月,美团配送合作商
餐饮,美团南村万博直招外卖骑手,7500-12000元/月,美团配送合作商
餐饮,大石高薪招骑手8k有车住,8000-15800元/月,深圳市捷达天安货运代理有限公司
餐饮,站点急招骑手收入高+车住,8000-12000元/月,北京三快到家科技有限公司
餐饮,新市美团直招送餐员单量多,7000-12000元/月,美团配送合作商
餐饮,站点直招骑手+夏季补贴,8000-12000元/月,深圳市捷达天安货运代理有限公司
餐饮,送餐员无经验上岗月入过万,8000-15000元/月,北京三快到家科技有限公司
餐饮,五羊招美团有车住+月8K,8000-16000元/月,美团配送合作商
餐饮,区庄美团送餐骑手预支车住,8000-15800元/月,深圳市捷达天安货运代理有限公司
餐饮,黄埔长平站点诚聘送餐员,8000-12000元/月,北京三快到家科技有限公司
餐饮,急招靓仔送餐员9K,6500-13000元/月,广州市易兴企业管理服务有限公司
餐饮,龙口送餐员8k+提供车住,8000-15800元/月,深圳市捷达天安货运代理有限公司
餐饮,正佳站直招骑手月入过万,8888-12222元/月,北京三快到家科技有限公司
餐饮,站点诚邀送餐员提供车,6000-12000元/月,深圳市捷达天安货运代理有限公司
餐饮,美团送餐员就近安排供车住,6500-12000元/月,深圳市捷达天安货运代理有限公司
餐饮,9K急招美团配送员高薪,8000-12000元/月,北京三快到家科技有限公司
餐饮,5K轻松上班餐厅服务员,4500-5500元/月,广州寒雅企业管理咨询有限公司
餐饮,抖音运营专员学徒,3500-7000元/月,广州芒果装饰材料有限公司
餐饮,诚聘服务员绩效房补,4000-6000元/月,广州市天河区冼村霸碗小吃店
餐饮,广州区域就近安排送餐员,8000-15800元/月,北京三快到家科技有限公司
餐饮,海底捞服务员5K起包吃住,5200-8000元/月,海底捞
餐饮,公司直招餐厅实习生,2800-5200元/月,广州大家乐食品实业有限公司
餐饮,杀鱼工,4500-5000元/月,广州派禾餐饮管理有限公司
餐饮,后厨厨工,4000-6000元/月,广州市练掌门投资发展合伙企业（有限合伙）
餐饮,配菜/打荷,4000-6000元/月,广州市练掌门投资发展合伙企业（有限合伙）
餐饮,美团直招送餐员8K+车住,8000-16000元/月,美团配送合作商
餐饮,服务员,3000-6000元/月,广州市天河区龙洞巧湘厨餐厅
餐饮,厨师,5000-8000元/月,广州嘉海餐饮有限公司
餐饮,服务员,6000-8000元/月,广东海沃文化发展有限公司
餐饮,急招咨客营销服务员,3500-5000元/月,广州市白云区均禾亿海沐足中心
餐饮,急聘外卖员月8千起轻松自,8000-15000元/月,广州逸泓网络科技有限公司
餐饮,大学城高校汉堡店服务员,4000-5000元/月,深圳市蒸好膳食管理服务有限公司
餐饮,轻松拿高薪快来朴朴机动队,8000-12000元/月,广州市朴朴网络科技有限公司
餐饮,餐饮管理,5000-6000元/月,广东粮友餐饮管理有限公司
餐饮,烧烤学徒,3500-4500元/月,广州四季春餐饮有限公司
餐饮,天河服务员包吃住高薪,3500-5500元/月,广州市天河区天园三姐妹饭店
餐饮,粤菜厨师,6000-7000元/月,广州市花都区新雅锐祺淋餐厅
餐饮,后厨,3000-5000元/月,广州市番禺区大石伟军餐饮店
餐饮,钟落潭急招美团送餐员,7500-14000元/月,美团配送合作商
餐饮,厨房帮工,4500-5500元/月,广州坚伟餐饮管理有限公司
餐饮,美团送餐员8千+可预支,6000-12000元/月,深圳市捷达天安货运代理有限公司
餐饮,不紧不慢外卖骑手月1万+,9566-15699元/月,深圳瑞亨物流有限公司
餐饮,广州送餐员单多配车,8500-13500元/月,仕旗实业（广州）有限公司
餐饮,各区直招送餐骑士单多,8500-13500元/月,仕旗实业（广州）有限公司
餐饮,服务员（4k-4.5k）,4200-4500元/月,广州榕意餐饮管理有限公司
餐饮,工作稳定包吃三餐月6千起,6000-8000元/月,广州凌阳物流供应链有限公司
餐饮,私房烘焙/甜点制作培训,4000-6000元/月,广州熳点教育科技有限公司
餐饮,服务员,4500-5000元/月,广州玛洛可歇餐饮有限公司
餐饮,高薪不封顶饿了么等你挑战,9999-16666元/月,深圳瑞亨物流有限公司
餐饮,人走账清包吃住急招,6000-8000元/月,广州凌阳物流供应链有限公司
餐饮,后厨学徒转健身教练高薪,6000-9000元/月,广州圆中圆快递代理有限公司
餐饮,急招送餐员有宿舍单量稳定,8000-15000元/月,深圳市捷达天安货运代理有限公司
餐饮,西餐厅服务员,4000-5000元/月,广州玛洛可歇餐饮有限公司
餐饮,大量招品检长期短期,6000-8000元/月,广州凌阳物流供应链有限公司
餐饮,工作稳定包吃三餐月6千起,6000-8000元/月,广州凌阳物流供应链有限公司
餐饮,做送餐员挑战王者,9000-16000元/月,上海璟鑫物流有限公司
餐饮,广州长白坐班包吃住9千,6000-8000元/月,广州凌阳物流供应链有限公司
餐饮,西餐学徒+前景好,4000-5000元/月,广州恒悦餐饮管理有限公司
餐饮,当天安排住宿包吃住,6000-8000元/月,广州凌阳物流供应链有限公司
餐饮,直招送餐员想挣多少跑多少,7999-12999元/月,美团配送合作商
餐饮,大量招品检长期短期,6000-8000元/月,广州凌阳物流供应链有限公司
餐饮,包吃住当天安排住宿,6000-8000元/月,广州凌阳物流供应链有限公司
餐饮,零基础烘焙面包学徒可试学,4000-6000元/月,广州熳点教育科技有限公司
餐饮,后厨切配,4000-6000元/月,广州市练掌门投资发展合伙企业（有限合伙）
餐饮,无需经验新手送餐员,8500-13500元/月,仕旗实业（广州）有限公司
餐饮,美团直招送餐员+就近安排,7000-14000元/月,北京三快到家科技有限公司
餐饮,月入7千辞工结清月,6000-8000元/月,广州凌阳物流供应链有限公司
餐饮,人和火热招聘送餐员,8500-13500元/月,广州穗云企业管理有限公司
餐饮,骑手爆弹,8500-13500元/月,仕旗实业（广州）有限公司
餐饮,站点直招配送员,8500-13500元/月,仕旗实业（广州）有限公司
餐饮,昌岗火热招聘送餐员,8500-13500元/月,广州穗云企业管理有限公司
餐饮,直招配送骑手,8500-13500元/月,广州穗云企业管理有限公司
餐饮,室内装修无经验学徒转行,6000-8000元/月,上海天琥教育培训有限公司广州分公司
餐饮,大量招品检长期短期,6000-8000元/月,广州凌阳物流供应链有限公司
餐饮,面试就入职万把块很简单,10000-15677元/月,深圳瑞亨物流有限公司
餐饮,招骑手可预支配车住,8500-13500元/月,广州穗云企业管理有限公司
餐饮,美团直招骑手爆单+送车,8000-16000元/月,上海溪潽信息科技有限公司
餐饮,送餐员过万包车住不交费,8500-13500元/月,仕旗实业（广州）有限公司
餐饮,番禺招配送员+配车/车补,7000-10000元/月,美团配送合作商
餐饮,中大火热招聘送餐员,8500-13500元/月,仕旗实业（广州）有限公司
餐饮,烘焙入门培训招生高薪就业,4000-6000元/月,广州熳点教育科技有限公司
餐饮,不想进工厂就来送餐吧,8000-15000元/月,深圳瑞亨物流有限公司
餐饮,8元每单起送餐骑手有车住,8000-12000元/月,广州仟寻企业管理有限公司
餐饮,月入7千辞工结清月,6000-8000元/月,广州凌阳物流供应链有限公司
餐饮,烘焙入门培训招生高薪就业,4000-6000元/月,广州熳点教育科技有限公司
餐饮,广州送餐员单多配车,8500-13500元/月,广州穗云企业管理有限公司
餐饮,蜂鸟骑手月月上万直聘中,9577-16000元/月,深圳瑞亨物流有限公司
餐饮,小电瓶车骑手大家的送餐员,8888-15000元/月,上海璟鑫物流有限公司
餐饮,站点直招可以就近安排骑手,9000-16000元/月,上海璟鑫物流有限公司
餐饮,文冲火热招聘送餐员,8500-13500元/月,仕旗实业（广州）有限公司
餐饮,人走账清包吃住急招,6000-8000元/月,广州凌阳物流供应链有限公司
餐饮,调茶师,4500-7500元/月,广州市黄埔区铭遇奶茶店
餐饮,人走账清包吃住急招,6000-8000元/月,广州凌阳物流供应链有限公司
餐饮,长白班包吃住工作轻松,6000-8000元/月,广州凌阳物流供应链有限公司
餐饮,大量招品检长期短期,6000-8000元/月,广州凌阳物流供应链有限公司
餐饮,月入7千辞工结清月,6000-8000元/月,广州凌阳物流供应链有限公司
餐饮,大量招品检长期短期,6000-8000元/月,广州凌阳物流供应链有限公司
餐饮,骑手福利多高佣金,8500-13500元/月,广州穗云企业管理有限公司
餐饮,急招拔罐刮痧学徒/服务员,7500-9500元/月,广州唯爱聚美科技有限公司
餐饮,祈福站点招送餐员有车有住,8000-12000元/月,深圳大唐宏业网络科技有限公司
餐饮,爆单站点高薪送餐员,8320-15400元/月,深圳瑞亨物流有限公司
餐饮,站点直招外卖员,8500-13500元/月,广州穗云企业管理有限公司
餐饮,人走账清包吃住急招,6000-8000元/月,广州凌阳物流供应链有限公司
餐饮,无需经验新手送餐员,8500-13500元/月,广州穗云企业管理有限公司
餐饮,天河区送餐员+高薪福利好,7000-13000元/月,宁波万古配送服务有限公司
餐饮,美团骑手就近分配站点,7000-14000元/月,北京三快到家科技有限公司
餐饮,送餐员过万包车住不交费,8500-13500元/月,仕旗实业（广州）有限公司
餐饮,送餐员无门槛9K起,8500-13500元/月,仕旗实业（广州）有限公司
餐饮,坚决不分期无押金招送餐员,9000-15000元/月,深圳瑞亨物流有限公司
餐饮,高薪送餐员福利好供车住,8000-15000元/月,深圳瑞亨物流有限公司
餐饮,急招送餐员提供车子和住宿,7500-15000元/月,深圳瑞亨物流有限公司
餐饮,爆单商圈急招高薪福利好,9000-15000元/月,深圳瑞亨物流有限公司
餐饮,8k+送餐骑手急招包住,7000-12000元/月,广州仟寻企业管理有限公司
餐饮,来做送餐员生活有滋有味,9000-15000元/月,深圳瑞亨物流有限公司
餐饮,饿了么+钱多事少+区域小,9500-16000元/月,深圳瑞亨物流有限公司
餐饮,高薪送餐员轻松上手+车住,9000-15000元/月,深圳瑞亨物流有限公司
餐饮,美团直招骑手送餐员配送员,7000-14000元/月,北京三快到家科技有限公司
餐饮,送餐员工作自由还高薪,9000-15000元/月,深圳瑞亨物流有限公司
餐饮,人走账清包吃住急招,6000-8000元/月,广州凌阳物流供应链有限公司
餐饮,全职骑手包车住+新人补贴,9000-15000元/月,深圳瑞亨物流有限公司
餐饮,陈家祠火热招聘送餐员,8500-13500元/月,广州穗云企业管理有限公司
餐饮,急招配送骑手,7000-10000元/月,美团配送合作商
餐饮,穷的心慌慌就来做送餐员,9000-15000元/月,深圳瑞亨物流有限公司
餐饮,黄埔美团骑手8k-15k,8000-16000元/月,北京三快到家科技有限公司
餐饮,广州越秀番禺黄埔急招骑手,8600-12000元/月,深圳大唐宏业网络科技有限公司
餐饮,黄埔美团骑手8k-15k,6000-12000元/月,北京三快到家科技有限公司
餐饮,站点直聘月入过万,8000-15000元/月,美团配送合作商
餐饮,服务员转教练学徒包吃住,6000-9000元/月,广州圆中圆快递代理有限公司
餐饮,白云万达送餐员-单多价高,6000-9000元/月,东莞市志晟信息咨询有限公司
餐饮,花都广场送餐员-单多价高,6000-9000元/月,东莞市志晟信息咨询有限公司
餐饮,金沙洲送餐员单多收入高,8000-12000元/月,美团配送合作商
餐饮,全广州火热招聘送餐员,8500-13500元/月,广州穗云企业管理有限公司
餐饮,聘请服务员包食宿待遇优,面议,深圳市点一杯餐饮管理有限公司
餐饮,同德围送餐员+提供住宿,6000-10000元/月,东莞市志晟信息咨询有限公司
餐饮,急招服务员待遇优不压工资,面议,深圳市点一杯餐饮管理有限公司
餐饮,南村驻店配送提供车住,7000-14000元/月,东莞市梓晋物流有限公司
餐饮,护工转中医7k包吃住,7000-9000元/月,广州华手教育科技有限公司
餐饮,煮自理两夫妻饭轻松家务,5000-6000元/月,广州和管家家庭服务有限公司
餐饮,北京路急招高薪靓仔送餐员,6000-10000元/月,东莞市志晟信息咨询有限公司
餐饮,高薪急招健康管理师助理,7500-12000元/月,广州唯爱聚美科技有限公司
餐饮,番禺石楼招聘骑手-配车住,7000-11000元/月,北京三快到家科技有限公司
餐饮,大石超市配送单价高提供车,8000-16000元/月,东莞市梓晋物流有限公司
餐饮,直招骑手提供车住8K+,7000-13000元/月,美团配送合作商
餐饮,骑手直聘提供车住+预支,8000-12000元/月,广州市堃鹏管理咨询服务有限公司
餐饮,凤凰城学校食堂招聘点心师,3000-5000元/月,广州市增城区凤凰城中英文学校
餐饮,诚招婉斑服务员无需经验,面议,武汉市江岸区鎏银歌厅
餐饮,京溪招聘送餐员-有住配车,6500-10000元/月,美团配送合作商
餐饮,各区高薪急招送餐员+车住,6000-12000元/月,美团配送合作商
餐饮,诚聘爆单骑手8k-9k,8000-13000元/月,美团配送合作商
餐饮,荔湾区招骑手8—12每单,8000-12000元/月,美团配送合作商
餐饮,7-8k急招食堂厨师,7000-8000元/月,广州市悦恒服务有限公司
餐饮,工作稳定包吃三餐月6千起,6000-8000元/月,广州凌阳物流供应链有限公司
餐饮,餐厅后厨服务员包吃就近,4500-6000元/月,广州泰弘劳务派遣有限公司
餐饮,琶洲直招骑手送餐有车有住,8000-9000元/月,美团配送合作商
餐饮,高薪招聘餐厅服务员,4000-4500元/月,广州市泰唯美餐饮管理有限公司
餐饮,服务员包吃住5千,4000-6000元/月,广州新豪轩酒家有限公司
餐饮,地哩5K无门槛,4500-5500元/月,广东寒雅酒店管理咨询有限公司
餐饮,急急急聘骑手送餐员可预支,8000-13000元/月,广州市堃鹏管理咨询服务有限公司
餐饮,美团送餐员8K起有住配车,6000-12000元/月,美团配送合作商
餐饮,砧板/水台5千至7千,5000-8000元/月,广州菜管家农产品有限公司
餐饮,天河客运站美团直招骑手,10139-18181元/月,美团配送合作商
餐饮,服务生服务员4K+包吃住,3400-4500元/月,广州豪湘情餐饮有限公司
餐饮,饿了么送餐员吃穿不愁,8000-15000元/月,深圳瑞亨物流有限公司
餐饮,工厂两班倒不如送餐好,7000-12000元/月,美团配送合作商
餐饮,天河直招送餐员单多好配送,9000-13000元/月,美团配送合作商
餐饮,白云直招美团送餐员,7000-14000元/月,美团配送合作商
餐饮,单价高送餐员多劳多得,8000-12000元/月,美团配送合作商
餐饮,水吧,4000-7000元/月,广州柏悦美容有限公司
餐饮,无需经验比萨学徒,4000-4500元/月,广州胜德饮食有限公司
餐饮,石楼站点直聘骑手,5000-10000元/月,北京三快到家科技有限公司
餐饮,招聘轻松酒店洗碗工,3500-5000元/月,广州科迅企业管理服务有限公司
餐饮,东荟城站骑手提供车1W+,9000-15000元/月,叮咚买菜
餐饮,领班,5000-7500元/月,广州市威秀餐饮有限公司
餐饮,外卖骑手就近分配待遇好,7000-12000元/月,北京三快到家科技有限公司
餐饮,有吃有住有车配送员,6500-12000元/月,广州名胜供应链有限公司
餐饮,急招美团送餐员增城新塘,10000-12000元/月,美团配送合作商
餐饮,急招5k中餐咨客服务员,4500-5500元/月,广州寒雅企业管理咨询有限公司
餐饮,音乐西餐吧服务员,4000-6000元/月,广州科迅企业管理服务有限公司
餐饮,骑手不怕苦工资一万五,6000-12000元/月,美团配送合作商
餐饮,北京路送餐员-单多价高,6000-9000元/月,东莞市志晟信息咨询有限公司
餐饮,西村送餐员-单多价高,6000-9000元/月,东莞市志晟信息咨询有限公司
餐饮,老中医开店招店员学徒,8000-12000元/月,广州唯爱聚美科技有限公司
